<?xml version="1.0" encoding="UTF-8"?>
<beans:beans xmlns="http://www.springframework.org/schema/security" 
    xmlns:beans="http://www.springframework.org/schema/beans" 
    xmlns:xsi="http://www.w3.org/2001/XMLSchema-instance" 
    xsi:schemaLocation="http://www.springframework.org/schema/beans http://www.springframework.org/schema/beans/spring-beans-3.1.xsd
        http://www.springframework.org/schema/security http://www.springframework.org/schema/security/spring-security-3.2.xsd">
    <!-- HTTP security configurations -->
    <http auto-config="true" use-expressions="true">
        			<!-- 
        			login-processing-url="/loginController/login" 
        			 -->
        <form-login 
        			login-processing-url="/security_login" 
        			login-page="/loginController/login" 
        			authentication-failure-url="/loginController/login?login_error=t" 
        			authentication-success-handler-ref="AuthenticationSuccessHandler" />
        			
        <!-- 
        <logout logout-url="/resources/j_spring_security_logout" 
        	delete-cookies="JSESSIONID, SPRING_SECURITY_REMEMBER_ME_COOKIE"
        />
         -->
		<logout invalidate-session="true"
			delete-cookies="JSESSIONID, SPRING_SECURITY_REMEMBER_ME_COOKIE"
			logout-success-url="/" logout-url="/resources/j_spring_security_logout" />        
        
        <!-- Configure these elements to secure URIs in your application -->
        <intercept-url pattern="/choices/**" access="hasRole('ROLE_ADMIN')" />
        <intercept-url pattern="/member/**" access="isAuthenticated()" />
        <intercept-url pattern="/resources/**" access="permitAll" />
        <intercept-url pattern="/loginController/login/**" access="permitAll" />
        <intercept-url pattern="/promotioninstances/json/**" access="permitAll" />
        <intercept-url pattern="/promotionrequests/json/**" access="permitAll" />
        <intercept-url pattern="/promotionrequestprocesseds/json/**" access="permitAll" />
        <intercept-url pattern="/bootstrap/**" access="permitAll" />
        <intercept-url pattern="/**" access="isAuthenticated()" />
        <!-- 
        <intercept-url pattern="/**" access="hasRole('ROLE_ANONYMOUS')" />
        <intercept-url pattern="/bootstrap-views/**" access="isAuthenticated()" />
         -->
        
        <!-- 
        <intercept-url pattern="/**" access="isAuthenticated()" requires-channel="https"/>
         -->
    </http>
    <!-- Configure Authentication mechanism -->
    <authentication-manager >
            <authentication-provider user-service-ref="usuarioService"/>
    </authentication-manager>    
</beans:beans>